<?xml version="1.0" encoding="UTF-8"?>
<GenRun Id="impl_1" LaunchPart="xc7a35tcpg236-1" LaunchTime="1706664893">
  <File Type="ROUTE-PWR" Name="Top_Module_power_routed.rpt"/>
  <File Type="PA-TCL" Name="Top_Module.tcl"/>
  <File Type="BITSTR-BMM" Name="Top_Module_bd.bmm"/>
  <File Type="ROUTE-PWR-SUM" Name="Top_Module_power_summary_routed.pb"/>
  <File Type="REPORTS-TCL" Name="Top_Module_reports.tcl"/>
  <File Type="OPT-DCP" Name="Top_Module_opt.dcp"/>
  <File Type="OPT-DRC" Name="Top_Module_drc_opted.rpt"/>
  <File Type="OPT-HWDEF" Name="Top_Module.hwdef"/>
  <File Type="PWROPT-DCP" Name="Top_Module_pwropt.dcp"/>
  <File Type="PLACE-DCP" Name="Top_Module_placed.dcp"/>
  <File Type="PLACE-IO" Name="Top_Module_io_placed.rpt"/>
  <File Type="PLACE-UTIL" Name="Top_Module_utilization_placed.rpt"/>
  <File Type="PLACE-UTIL-PB" Name="Top_Module_utilization_placed.pb"/>
  <File Type="PLACE-CTRL" Name="Top_Module_control_sets_placed.rpt"/>
  <File Type="PLACE-PRE-SIMILARITY" Name="Top_Module_incremental_reuse_pre_placed.rpt"/>
  <File Type="BG-BGN" Name="Top_Module.bgn"/>
  <File Type="POSTPLACE-PWROPT-DCP" Name="Top_Module_postplace_pwropt.dcp"/>
  <File Type="BG-BIN" Name="Top_Module.bin"/>
  <File Type="PHYSOPT-DCP" Name="Top_Module_physopt.dcp"/>
  <File Type="BITSTR-MSK" Name="Top_Module.msk"/>
  <File Type="ROUTE-ERROR-DCP" Name="Top_Module_routed_error.dcp"/>
  <File Type="ROUTE-DCP" Name="Top_Module_routed.dcp"/>
  <File Type="ROUTE-BLACKBOX-DCP" Name="Top_Module_routed_bb.dcp"/>
  <File Type="ROUTE-DRC" Name="Top_Module_drc_routed.rpt"/>
  <File Type="ROUTE-DRC-PB" Name="Top_Module_drc_routed.pb"/>
  <File Type="ROUTE-DRC-RPX" Name="Top_Module_drc_routed.rpx"/>
  <File Type="BITSTR-LTX" Name="Top_Module.ltx"/>
  <File Type="ROUTE-METHODOLOGY-DRC" Name="Top_Module_methodology_drc_routed.rpt"/>
  <File Type="BITSTR-MMI" Name="Top_Module.mmi"/>
  <File Type="ROUTE-METHODOLOGY-DRC-RPX" Name="Top_Module_methodology_drc_routed.rpx"/>
  <File Type="ROUTE-METHODOLOGY-DRC-PB" Name="Top_Module_methodology_drc_routed.pb"/>
  <File Type="BITSTR-SYSDEF" Name="Top_Module.sysdef"/>
  <File Type="ROUTE-PWR-RPX" Name="Top_Module_power_routed.rpx"/>
  <File Type="ROUTE-STATUS" Name="Top_Module_route_status.rpt"/>
  <File Type="ROUTE-STATUS-PB" Name="Top_Module_route_status.pb"/>
  <File Type="ROUTE-TIMINGSUMMARY" Name="Top_Module_timing_summary_routed.rpt"/>
  <File Type="ROUTE-TIMING-PB" Name="Top_Module_timing_summary_routed.pb"/>
  <File Type="ROUTE-TIMING-RPX" Name="Top_Module_timing_summary_routed.rpx"/>
  <File Type="ROUTE-CLK" Name="Top_Module_clock_utilization_routed.rpt"/>
  <File Type="ROUTE-BUS-SKEW" Name="Top_Module_bus_skew_routed.rpt"/>
  <File Type="ROUTE-BUS-SKEW-PB" Name="Top_Module_bus_skew_routed.pb"/>
  <File Type="ROUTE-BUS-SKEW-RPX" Name="Top_Module_bus_skew_routed.rpx"/>
  <File Type="POSTROUTE-PHYSOPT-DCP" Name="Top_Module_postroute_physopt.dcp"/>
  <File Type="POSTROUTE-PHYSOPT-BLACKBOX-DCP" Name="Top_Module_postroute_physopt_bb.dcp"/>
  <File Type="BG-BIT" Name="Top_Module.bit"/>
  <File Type="BITSTR-RBT" Name="Top_Module.rbt"/>
  <File Type="BITSTR-NKY" Name="Top_Module.nky"/>
  <File Type="BG-DRC" Name="Top_Module.drc"/>
  <File Type="RDI-RDI" Name="Top_Module.vdi"/>
  <File Type="WBT-USG" Name="usage_statistics_webtalk.html"/>
  <FileSet Name="sources" Type="DesignSrcs" RelSrcDir="$PSRCDIR/sources_1">
    <Filter Type="Srcs"/>
    <File Path="$PSRCDIR/sources_1/new/Edge.v">
      <FileInfo>
        <Attr Name="ImportPath" Val="$PPRDIR/../../../../Lab3.srcs/sources_1/new/Edge.v"/>
        <Attr Name="ImportTime" Val="1706671305"/>
        <Attr Name="UsedIn" Val="synthesis"/>
        <Attr Name="UsedIn" Val="implementation"/>
        <Attr Name="UsedIn" Val="simulation"/>
      </FileInfo>
    </File>
    <File Path="$PSRCDIR/sources_1/new/RingCounter.v">
      <FileInfo>
        <Attr Name="ImportPath" Val="$PPRDIR/../../../../Lab3.srcs/sources_1/new/RingCounter.v"/>
        <Attr Name="ImportTime" Val="1706601257"/>
        <Attr Name="UsedIn" Val="synthesis"/>
        <Attr Name="UsedIn" Val="implementation"/>
        <Attr Name="UsedIn" Val="simulation"/>
      </FileInfo>
    </File>
    <File Path="$PSRCDIR/sources_1/new/countUD15L.v">
      <FileInfo>
        <Attr Name="ImportPath" Val="$PPRDIR/../../../../Lab3.srcs/sources_1/new/countUD15L.v"/>
        <Attr Name="ImportTime" Val="1706671305"/>
        <Attr Name="UsedIn" Val="synthesis"/>
        <Attr Name="UsedIn" Val="implementation"/>
        <Attr Name="UsedIn" Val="simulation"/>
      </FileInfo>
    </File>
    <File Path="$PSRCDIR/sources_1/new/countUD5L.v">
      <FileInfo>
        <Attr Name="ImportPath" Val="$PPRDIR/../../../../Lab3.srcs/sources_1/new/countUD5L.v"/>
        <Attr Name="ImportTime" Val="1706671718"/>
        <Attr Name="UsedIn" Val="synthesis"/>
        <Attr Name="UsedIn" Val="implementation"/>
        <Attr Name="UsedIn" Val="simulation"/>
      </FileInfo>
    </File>
    <File Path="$PSRCDIR/sources_1/imports/new/hex7seg.v">
      <FileInfo>
        <Attr Name="ImportPath" Val="$PPRDIR/../../../../../../Lab2/Lab2.srcs/sources_1/new/hex7seg.v"/>
        <Attr Name="ImportTime" Val="1705481588"/>
        <Attr Name="UsedIn" Val="synthesis"/>
        <Attr Name="UsedIn" Val="implementation"/>
        <Attr Name="UsedIn" Val="simulation"/>
      </FileInfo>
    </File>
    <File Path="$PSRCDIR/sources_1/new/labCnt2_clks.v">
      <FileInfo>
        <Attr Name="ImportPath" Val="$PPRDIR/../../../../Lab3.srcs/sources_1/new/labCnt2_clks.v"/>
        <Attr Name="ImportTime" Val="1706597033"/>
        <Attr Name="UsedIn" Val="synthesis"/>
        <Attr Name="UsedIn" Val="implementation"/>
        <Attr Name="UsedIn" Val="simulation"/>
      </FileInfo>
    </File>
    <File Path="$PSRCDIR/sources_1/new/selector.v">
      <FileInfo>
        <Attr Name="ImportPath" Val="$PPRDIR/../../../../Lab3.srcs/sources_1/new/selector.v"/>
        <Attr Name="ImportTime" Val="1706086793"/>
        <Attr Name="UsedIn" Val="synthesis"/>
        <Attr Name="UsedIn" Val="implementation"/>
        <Attr Name="UsedIn" Val="simulation"/>
      </FileInfo>
    </File>
    <File Path="$PSRCDIR/sources_1/new/Top_Module.v">
      <FileInfo>
        <Attr Name="ImportPath" Val="$PPRDIR/../../../../Lab3.srcs/sources_1/new/Top_Module.v"/>
        <Attr Name="ImportTime" Val="1706671305"/>
        <Attr Name="UsedIn" Val="synthesis"/>
        <Attr Name="UsedIn" Val="implementation"/>
        <Attr Name="UsedIn" Val="simulation"/>
      </FileInfo>
    </File>
    <Config>
      <Option Name="DesignMode" Val="RTL"/>
      <Option Name="TopModule" Val="Top_Module"/>
    </Config>
  </FileSet>
  <FileSet Name="constrs_in" Type="Constrs" RelSrcDir="$PSRCDIR/constrs_1">
    <Filter Type="Constrs"/>
    <File Path="$PSRCDIR/constrs_1/imports/Lab2/Basys3_Master.xdc">
      <FileInfo>
        <Attr Name="ImportPath" Val="$PPRDIR/../../../../../../Lab2/Lab2.srcs/constrs_1/imports/Lab2/Basys3_Master.xdc"/>
        <Attr Name="ImportTime" Val="1705552346"/>
        <Attr Name="UsedIn" Val="synthesis"/>
        <Attr Name="UsedIn" Val="implementation"/>
      </FileInfo>
    </File>
    <Config>
      <Option Name="ConstrsType" Val="XDC"/>
    </Config>
  </FileSet>
  <FileSet Name="utils" Type="Utils" RelSrcDir="$PSRCDIR/utils_1">
    <Filter Type="Utils"/>
    <Config>
      <Option Name="TopAutoSet" Val="TRUE"/>
    </Config>
  </FileSet>
  <Strategy Version="1" Minor="2">
    <StratHandle Name="Vivado Implementation Defaults" Flow="Vivado Implementation 2019"/>
    <Step Id="init_design"/>
    <Step Id="opt_design"/>
    <Step Id="power_opt_design"/>
    <Step Id="place_design"/>
    <Step Id="post_place_power_opt_design"/>
    <Step Id="phys_opt_design"/>
    <Step Id="route_design"/>
    <Step Id="post_route_phys_opt_design"/>
    <Step Id="write_bitstream"/>
  </Strategy>
</GenRun>
