<?xml version="1.0" encoding="UTF-8"?>
<GenRun Id="synth_1" LaunchPart="xc7a35tcpg236-1" LaunchTime="1706664893">
  <File Type="PA-TCL" Name="Top_Module.tcl"/>
  <File Type="REPORTS-TCL" Name="Top_Module_reports.tcl"/>
  <File Type="RDS-RDS" Name="Top_Module.vds"/>
  <File Type="RDS-UTIL" Name="Top_Module_utilization_synth.rpt"/>
  <File Type="RDS-UTIL-PB" Name="Top_Module_utilization_synth.pb"/>
  <File Type="RDS-DCP" Name="Top_Module.dcp"/>
  <FileSet Name="sources" Type="DesignSrcs" RelSrcDir="$PSRCDIR/sources_1">
    <Filter Type="Srcs"/>
    <File Path="$PSRCDIR/sources_1/new/Edge.v">
      <FileInfo>
        <Attr Name="ImportPath" Val="$PPRDIR/../../../../Lab3.srcs/sources_1/new/Edge.v"/>
        <Attr Name="ImportTime" Val="1706671305"/>
        <Attr Name="UsedIn" Val="synthesis"/>
        <Attr Name="UsedIn" Val="implementation"/>
        <Attr Name="UsedIn" Val="simulation"/>
      </FileInfo>
    </File>
    <File Path="$PSRCDIR/sources_1/new/RingCounter.v">
      <FileInfo>
        <Attr Name="ImportPath" Val="$PPRDIR/../../../../Lab3.srcs/sources_1/new/RingCounter.v"/>
        <Attr Name="ImportTime" Val="1706601257"/>
        <Attr Name="UsedIn" Val="synthesis"/>
        <Attr Name="UsedIn" Val="implementation"/>
        <Attr Name="UsedIn" Val="simulation"/>
      </FileInfo>
    </File>
    <File Path="$PSRCDIR/sources_1/new/countUD15L.v">
      <FileInfo>
        <Attr Name="ImportPath" Val="$PPRDIR/../../../../Lab3.srcs/sources_1/new/countUD15L.v"/>
        <Attr Name="ImportTime" Val="1706671305"/>
        <Attr Name="UsedIn" Val="synthesis"/>
        <Attr Name="UsedIn" Val="implementation"/>
        <Attr Name="UsedIn" Val="simulation"/>
      </FileInfo>
    </File>
    <File Path="$PSRCDIR/sources_1/new/countUD5L.v">
      <FileInfo>
        <Attr Name="ImportPath" Val="$PPRDIR/../../../../Lab3.srcs/sources_1/new/countUD5L.v"/>
        <Attr Name="ImportTime" Val="1706671718"/>
        <Attr Name="UsedIn" Val="synthesis"/>
        <Attr Name="UsedIn" Val="implementation"/>
        <Attr Name="UsedIn" Val="simulation"/>
      </FileInfo>
    </File>
    <File Path="$PSRCDIR/sources_1/imports/new/hex7seg.v">
      <FileInfo>
        <Attr Name="ImportPath" Val="$PPRDIR/../../../../../../Lab2/Lab2.srcs/sources_1/new/hex7seg.v"/>
        <Attr Name="ImportTime" Val="1705481588"/>
        <Attr Name="UsedIn" Val="synthesis"/>
        <Attr Name="UsedIn" Val="implementation"/>
        <Attr Name="UsedIn" Val="simulation"/>
      </FileInfo>
    </File>
    <File Path="$PSRCDIR/sources_1/new/labCnt2_clks.v">
      <FileInfo>
        <Attr Name="ImportPath" Val="$PPRDIR/../../../../Lab3.srcs/sources_1/new/labCnt2_clks.v"/>
        <Attr Name="ImportTime" Val="1706597033"/>
        <Attr Name="UsedIn" Val="synthesis"/>
        <Attr Name="UsedIn" Val="implementation"/>
        <Attr Name="UsedIn" Val="simulation"/>
      </FileInfo>
    </File>
    <File Path="$PSRCDIR/sources_1/new/selector.v">
      <FileInfo>
        <Attr Name="ImportPath" Val="$PPRDIR/../../../../Lab3.srcs/sources_1/new/selector.v"/>
        <Attr Name="ImportTime" Val="1706086793"/>
        <Attr Name="UsedIn" Val="synthesis"/>
        <Attr Name="UsedIn" Val="implementation"/>
        <Attr Name="UsedIn" Val="simulation"/>
      </FileInfo>
    </File>
    <File Path="$PSRCDIR/sources_1/new/Top_Module.v">
      <FileInfo>
        <Attr Name="ImportPath" Val="$PPRDIR/../../../../Lab3.srcs/sources_1/new/Top_Module.v"/>
        <Attr Name="ImportTime" Val="1706671305"/>
        <Attr Name="UsedIn" Val="synthesis"/>
        <Attr Name="UsedIn" Val="implementation"/>
        <Attr Name="UsedIn" Val="simulation"/>
      </FileInfo>
    </File>
    <Config>
      <Option Name="DesignMode" Val="RTL"/>
      <Option Name="TopModule" Val="Top_Module"/>
    </Config>
  </FileSet>
  <FileSet Name="constrs_in" Type="Constrs" RelSrcDir="$PSRCDIR/constrs_1">
    <Filter Type="Constrs"/>
    <File Path="$PSRCDIR/constrs_1/imports/Lab2/Basys3_Master.xdc">
      <FileInfo>
        <Attr Name="ImportPath" Val="$PPRDIR/../../../../../../Lab2/Lab2.srcs/constrs_1/imports/Lab2/Basys3_Master.xdc"/>
        <Attr Name="ImportTime" Val="1705552346"/>
        <Attr Name="UsedIn" Val="synthesis"/>
        <Attr Name="UsedIn" Val="implementation"/>
      </FileInfo>
    </File>
    <Config>
      <Option Name="ConstrsType" Val="XDC"/>
    </Config>
  </FileSet>
  <FileSet Name="utils" Type="Utils" RelSrcDir="$PSRCDIR/utils_1">
    <Filter Type="Utils"/>
    <Config>
      <Option Name="TopAutoSet" Val="TRUE"/>
    </Config>
  </FileSet>
  <Strategy Version="1" Minor="2">
    <StratHandle Name="Vivado Synthesis Defaults" Flow="Vivado Synthesis 2019"/>
    <Step Id="synth_design"/>
  </Strategy>
</GenRun>
